symbol,name,country,indices,industries,symbols,metadata,isins,akas,wiki_name
AAPL,Apple Inc.,United States,DOW JONES;NASDAQ 100;S&P 100;S&P 500,"Computers, Phones & Household Electronics;Technology;Technology Equipment;Phones & Handheld Devices","[{'yahoo': 'APC.F', 'google': 'FRA:APC', 'currency': 'EUR'}, {'yahoo': 'AAPL', 'google': 'NASDAQ:AAPL', 'currency': 'USD'}]","{'founded': 1976, 'employees': 147000}",['US0378331005'],[],
ABBV,AbbVie Inc.,United States,S&P 100;S&P 500,Pharmaceuticals;Pharmaceuticals & Medical Research;Healthcare,"[{'yahoo': '4AB.F', 'google': 'FRA:4AB', 'currency': 'EUR'}, {'yahoo': 'ABBV', 'google': 'NYSE:ABBV', 'currency': 'USD'}, {'yahoo': '0QCV.L', 'google': 'LON:0QCV', 'currency': 'GBP'}]","{'founded': 2013, 'employees': 47000}",[],[],
ABNB,"Airbnb, Inc.",United States,NASDAQ 100,Lodging,"[{'yahoo': 'ABNB', 'google': 'NASDAQ:ABNB', 'currency': 'USD'}]","{'founded': 2008, 'employees': 6132}",[],[],"Airbnb, Inc."
ABT,Abbott Laboratories,United States,S&P 100;S&P 500,"Medical Equipment, Supplies & Distribution;Healthcare;Healthcare Services;Healthcare Equipment & Supplies","[{'yahoo': 'ABL.F', 'google': 'FRA:ABL', 'currency': 'EUR'}, {'yahoo': 'ABT', 'google': 'NYSE:ABT', 'currency': 'USD'}]","{'founded': 1888, 'employees': 109000}",[],[],
ACN,Accenture PLC,Ireland,S&P 100;S&P 500,Technology;Software & IT Services;IT Services & Consulting,"[{'yahoo': 'CSA.F', 'google': 'FRA:CSA', 'currency': 'EUR'}, {'yahoo': 'ACN', 'google': 'NYSE:ACN', 'currency': 'USD'}, {'yahoo': '0Y0Y.L', 'google': 'LON:0Y0Y', 'currency': 'GBP'}]","{'founded': 1989, 'employees': 537000}",['IE00B4BNMY34'],[],
ADBE,Adobe Inc.,United States,NASDAQ 100;S&P 100;S&P 500,Software;Technology;Software & IT Services,"[{'yahoo': 'ADB.F', 'google': 'FRA:ADB', 'currency': 'EUR'}, {'yahoo': 'ADBE', 'google': 'NASDAQ:ADBE', 'currency': 'USD'}]","{'founded': 1982, 'employees': ''}",[],[],
ADI,Analog Devices Inc.,United States,NASDAQ 100;S&P 500,Technology;Technology Equipment;Semiconductors & Semiconductor Equipment;Semiconductors,"[{'yahoo': 'ANL.F', 'google': 'FRA:ANL', 'currency': 'EUR'}, {'yahoo': 'ADI', 'google': 'NASDAQ:ADI', 'currency': 'USD'}, {'yahoo': '0HFN.L', 'google': 'LON:0HFN', 'currency': 'GBP'}]","{'founded': 1965, 'employees': 15300}",[],[],
ADP,Automatic Data Processing Inc.,United States,NASDAQ 100;S&P 500,Technology;Software & IT Services;IT Services & Consulting,"[{'yahoo': 'ADP.F', 'google': 'FRA:ADP', 'currency': 'EUR'}, {'yahoo': 'ADP', 'google': 'NASDAQ:ADP', 'currency': 'USD'}, {'yahoo': '0HJI.L', 'google': 'LON:0HJI', 'currency': 'GBP'}]","{'founded': 1949, 'employees': 58000}",[],[],
ADSK,Autodesk Inc.,United States,NASDAQ 100;S&P 500,Software;Technology;Software & IT Services,"[{'yahoo': 'AUD.F', 'google': 'FRA:AUD', 'currency': 'EUR'}, {'yahoo': 'ADSK', 'google': 'NASDAQ:ADSK', 'currency': 'USD'}, {'yahoo': '0HJF.L', 'google': 'LON:0HJF', 'currency': 'GBP'}]","{'founded': 1982, 'employees': 10300}",[],[],
AEP,American Electric Power Company Inc.,United States,NASDAQ 100;S&P 500,Electric Utilities;Electric Utilities & IPPs;Utilities,"[{'yahoo': 'AEP.F', 'google': 'FRA:AEP', 'currency': 'EUR'}, {'yahoo': 'AEP', 'google': 'NASDAQ:AEP', 'currency': 'USD'}, {'yahoo': '0HEC.L', 'google': 'LON:0HEC', 'currency': 'GBP'}]","{'founded': 1906, 'employees': 17666}",[],[],
AIG,American International Group Inc.,United States,S&P 100;S&P 500,Insurance;Financials;Multiline Insurance & Brokers,"[{'yahoo': 'AINN.F', 'google': 'FRA:AINN', 'currency': 'EUR'}, {'yahoo': 'AIG', 'google': 'NYSE:AIG', 'currency': 'USD'}, {'yahoo': '0OAL.L', 'google': 'LON:0OAL', 'currency': 'GBP'}]","{'founded': 1912, 'employees': 45000}",[],[],
ALGN,Align Technology Inc.,United States,NASDAQ 100;S&P 500,"Medical Equipment, Supplies & Distribution;Healthcare;Healthcare Services;Healthcare Equipment & Supplies","[{'yahoo': 'AFW.F', 'google': 'FRA:AFW', 'currency': 'EUR'}, {'yahoo': 'ALGN', 'google': 'NASDAQ:ALGN', 'currency': 'USD'}, {'yahoo': '0HCK.L', 'google': 'LON:0HCK', 'currency': 'GBP'}]","{'founded': 1997, 'employees': 15319}",['US0162551016'],[],
AMAT,Applied Materials Inc.,United States,NASDAQ 100;S&P 500,Semiconductor Equipment & Testing;Technology;Technology Equipment;Semiconductors & Semiconductor Equipment,"[{'yahoo': 'AP2.F', 'google': 'FRA:AP2', 'currency': 'EUR'}, {'yahoo': 'AMAT', 'google': 'NASDAQ:AMAT', 'currency': 'USD'}]","{'founded': 1967, 'employees': 21000}",[],[],
AMD,Advanced Micro Devices Inc.,United States,NASDAQ 100;S&P 100;S&P 500,Environmental Services & Equipment;Industrials;Professional & Commercial Services;Industrial & Commercial Services,"[{'yahoo': 'AMD.F', 'google': 'FRA:AMD', 'currency': 'EUR'}, {'yahoo': 'AMD', 'google': 'NASDAQ:AMD', 'currency': 'USD'}]","{'founded': 1969, 'employees': '{{wikidata|properties|qualifier|references|normal+|employees}}'}",[],[],
AMGN,Amgen Inc.,United States,DOW JONES;NASDAQ 100;S&P 100;S&P 500,Pharmaceuticals;Pharmaceuticals & Medical Research;Healthcare,"[{'yahoo': 'AMG.F', 'google': 'FRA:AMG', 'currency': 'EUR'}, {'yahoo': 'AMGN', 'google': 'NASDAQ:AMGN', 'currency': 'USD'}]","{'founded': 1980, 'employees': 22000}",['US0311621009'],[],
AMT,American Tower Corporation,United States,S&P 100;S&P 500,Specialized REITs;Real Estate;Financials;Residential & Commercial RETIs,"[{'yahoo': 'A0T.F', 'google': 'FRA:A0T', 'currency': 'EUR'}, {'yahoo': 'AMT', 'google': 'NYSE:AMT', 'currency': 'USD'}, {'yahoo': '0HEU.L', 'google': 'LON:0HEU', 'currency': 'GBP'}]","{'founded': 1995, 'employees': 5454}",[],[],
AMZN,Amazon.com Inc.,United States,NASDAQ 100;S&P 100;S&P 500,Diversified Retail;Retailers;Department Stores;Consumer Cyclicals,"[{'yahoo': 'AMZ.F', 'google': 'FRA:AMZ', 'currency': 'EUR'}, {'yahoo': 'AMZN', 'google': 'NASDAQ:AMZN', 'currency': 'USD'}]","{'founded': 1994, 'employees': 1298000}",['US0231351067'],[],
ANSS,ANSYS Inc.,United States,NASDAQ 100;S&P 500,Software;Technology;Software & IT Services,"[{'yahoo': 'AKX.F', 'google': 'FRA:AKX', 'currency': 'EUR'}, {'yahoo': 'ANSS', 'google': 'NASDAQ:ANSS', 'currency': 'USD'}, {'yahoo': '0HG3.L', 'google': 'LON:0HG3', 'currency': 'GBP'}]","{'founded': 1970, 'employees': 4100}",[],[],
ASML,ASML Holding N.V.,Netherlands,AEX;EURO STOXX 50;NASDAQ 100,Semiconductor Equipment & Testing;Technology;Technology Equipment;Semiconductors & Semiconductor Equipment,"[{'yahoo': 'ASME.F', 'google': 'FRA:ASME', 'currency': 'EUR'}, {'yahoo': 'ASMLF', 'google': 'OTCMKTS:ASMLF', 'currency': 'USD'}, {'yahoo': 'ASML', 'google': 'NASDAQ:ASML', 'currency': 'USD'}, {'yahoo': 'ASML.AS', 'google': 'AMS:ASML', 'currency': 'EUR'}, {'yahoo': 'ASMF.F', 'google': 'FRA:ASMF', 'currency': 'EUR'}]","{'founded': 1984, 'employees': 28000}",['NL0010273215'],[],
AVGO,Broadcom Inc.,United States,NASDAQ 100;S&P 100;S&P 500,Technology;Technology Equipment;Semiconductors & Semiconductor Equipment;Semiconductors,"[{'yahoo': '1YD.F', 'google': 'FRA:1YD', 'currency': 'EUR'}, {'yahoo': 'AVGO', 'google': 'NASDAQ:AVGO', 'currency': 'USD'}, {'yahoo': '0YXG.L', 'google': 'LON:0YXG', 'currency': 'GBP'}]","{'founded': 1961, 'employees': 21000}",[],[],
AXP,American Express Company,United States,DOW JONES;S&P 100;S&P 500,Banking & Investment Services;Banking Services;Financials;Consumer Lending,"[{'yahoo': 'AEC1.F', 'google': 'FRA:AEC1', 'currency': 'EUR'}, {'yahoo': 'AXP', 'google': 'NYSE:AXP', 'currency': 'USD'}, {'yahoo': '0R3C.L', 'google': 'LON:0R3C', 'currency': 'GBP'}]","{'founded': 1850, 'employees': 63700}",[],[],
AZN,AstraZeneca PLC,United Kingdom,FTSE 100;NASDAQ 100;OMX Stockholm 30,Pharmaceuticals;Pharmaceuticals & Medical Research;Healthcare,"[{'yahoo': 'ZEG.F', 'google': 'FRA:ZEG', 'currency': 'EUR'}, {'yahoo': 'AZN', 'google': 'NYSE:AZN', 'currency': 'USD'}, {'yahoo': 'ZEGA.F', 'google': 'FRA:ZEGA', 'currency': 'EUR'}, {'yahoo': 'AZNCF', 'google': 'OTCMKTS:AZNCF', 'currency': 'USD'}, {'yahoo': 'AZN.L', 'google': 'LON:AZN', 'currency': 'GBP'}]","{'founded': 1999, 'employees': 76100}",['GB0009895292'],[],
BA,The Boeing Company,United States,CAC 40;DOW JONES;EURO STOXX 50;S&P 100;S&P 500,Industrial Goods;Industrials;Aerospace & Defense,"[{'yahoo': 'BCO.F', 'google': 'FRA:BCO', 'currency': 'EUR'}, {'yahoo': 'BA', 'google': 'NYSE:BA', 'currency': 'USD'}, {'yahoo': 'BOE.L', 'google': 'LON:BOE', 'currency': 'GBP'}]","{'founded': 1916, 'employees': 141014}",['NL0000235190'],[],
BAC,Bank of America Corporation,United States,S&P 100;S&P 500,Banking & Investment Services;Banking Services;Financials;Banks,"[{'yahoo': 'NCB.F', 'google': 'FRA:NCB', 'currency': 'EUR'}, {'yahoo': 'BAC', 'google': 'NYSE:BAC', 'currency': 'USD'}, {'yahoo': 'BOAPL', 'google': 'OTCMKTS:BOAPL', 'currency': 'USD'}]","{'founded': 1956, 'employees': 213000}",['US0605051046'],[],
BIDU,Baidu Inc.,China,NASDAQ 100,Technology;Software & IT Services;Internet Services,"[{'yahoo': 'B1C.F', 'google': 'FRA:B1C', 'currency': 'EUR'}, {'yahoo': 'BIDU', 'google': 'NASDAQ:BIDU', 'currency': 'USD'}, {'yahoo': 'BAIDF', 'google': 'OTCMKTS:BAIDF', 'currency': 'USD'}]","{'founded': 2000, 'employees': 45887}",[],[],
BIIB,Biogen Inc.,United States,NASDAQ 100;S&P 500,Pharmaceuticals;Pharmaceuticals & Medical Research;Healthcare,"[{'yahoo': 'IDP.F', 'google': 'FRA:IDP', 'currency': 'EUR'}, {'yahoo': 'BIIB', 'google': 'NASDAQ:BIIB', 'currency': 'USD'}]","{'founded': 1978, 'employees': 7300}",[],[],
BK,The Bank of New York Mellon Corporation,United States,S&P 100;S&P 500,Banking & Investment Services;Investment Banking & Investment Services;Financials;Investment Management & Fund Operators,"[{'yahoo': 'BN9.F', 'google': 'FRA:BN9', 'currency': 'EUR'}, {'yahoo': 'BK', 'google': 'NYSE:BK', 'currency': 'USD'}, {'yahoo': '0HLQ.L', 'google': 'LON:0HLQ', 'currency': 'GBP'}]","{'founded': 2007, 'employees': 48400}",[],[],
BKNG,Booking Holdings Inc.,United States,NASDAQ 100;S&P 100;S&P 500,Hotels & Entertainment Services;Leisure & Recreation;Cyclical Consumer Services;Consumer Cyclicals,"[{'yahoo': 'PCE1.F', 'google': 'FRA:PCE1', 'currency': 'EUR'}, {'yahoo': 'BKNG', 'google': 'NASDAQ:BKNG', 'currency': 'USD'}, {'yahoo': '0W2Y.L', 'google': 'LON:0W2Y', 'currency': 'GBP'}]","{'founded': 1996, 'employees': 26400}",[],[],
BLK,BlackRock Inc.,United States,S&P 100;S&P 500,Banking & Investment Services;Investment Banking & Investment Services;Financials;Investment Management & Fund Operators,"[{'yahoo': 'BLQA.F', 'google': 'FRA:BLQA', 'currency': 'EUR'}, {'yahoo': 'BLK', 'google': 'NYSE:BLK', 'currency': 'USD'}, {'yahoo': '0QZZ.L', 'google': 'LON:0QZZ', 'currency': 'GBP'}]","{'founded': 1988, 'employees': 16500}",['US09247X1019'],[],
BMY,Bristol-Myers Squibb Company,United States,S&P 100;S&P 500,Pharmaceuticals;Pharmaceuticals & Medical Research;Healthcare,"[{'yahoo': 'BRM.F', 'google': 'FRA:BRM', 'currency': 'EUR'}, {'yahoo': 'BMY', 'google': 'NYSE:BMY', 'currency': 'USD'}, {'yahoo': 'BMYMP', 'google': 'OTCMKTS:BMYMP', 'currency': 'USD'}]","{'founded': 1887, 'employees': 30000}",[],[],
BRK-B,Berkshire Hathaway Inc.,United States,S&P 100;S&P 500,Insurance;Financials;Multiline Insurance & Brokers,"[{'yahoo': 'BRYN.F', 'google': 'FRA:BRYN', 'currency': 'EUR'}, {'yahoo': 'BRK-B', 'google': 'NYSE:BRK.B', 'currency': 'USD'}, {'yahoo': 'BRH.F', 'google': 'FRA:BRH', 'currency': 'EUR'}]","{'founded': 1839, 'employees': 360000}",['US0846707026'],[],
C,Citigroup Inc.,United States,S&P 100;S&P 500,Banking & Investment Services;Banking Services;Financials;Banks,"[{'yahoo': 'TRVC.F', 'google': 'FRA:TRVC', 'currency': 'EUR'}, {'yahoo': 'C', 'google': 'NYSE:C', 'currency': 'USD'}]","{'founded': 1998, 'employees': 210000}",['US1729674242'],[],
CAT,Caterpillar Inc.,United States,DOW JONES;S&P 100;S&P 500,"Industrial Goods;Industrials;Heavy Machinery & Vehicles;Machinery, Equipment & Components","[{'yahoo': 'CAT1.F', 'google': 'FRA:CAT1', 'currency': 'EUR'}, {'yahoo': 'CAT', 'google': 'NYSE:CAT', 'currency': 'USD'}, {'yahoo': '0Q18.L', 'google': 'LON:0Q18', 'currency': 'GBP'}]","{'founded': 1925, 'employees': 102300}",[],[],
CDNS,Cadence Design Systems Inc.,United States,NASDAQ 100;S&P 500,Software;Technology;Software & IT Services,"[{'yahoo': 'CDS.F', 'google': 'FRA:CDS', 'currency': 'EUR'}, {'yahoo': 'CDNS', 'google': 'NASDAQ:CDNS', 'currency': 'USD'}, {'yahoo': '0HS2.L', 'google': 'LON:0HS2', 'currency': 'GBP'}]","{'founded': 1988, 'employees': 8900}",[],[],
CHTR,Charter Communications Inc.,United States,NASDAQ 100;S&P 100;S&P 500,Media & Publishing;Cyclical Consumer Services;Broadcasting;Consumer Cyclicals,"[{'yahoo': 'CQD.F', 'google': 'FRA:CQD', 'currency': 'EUR'}, {'yahoo': 'CHTR', 'google': 'NASDAQ:CHTR', 'currency': 'USD'}, {'yahoo': '0HW4.L', 'google': 'LON:0HW4', 'currency': 'GBP'}]","{'founded': 1993, 'employees': 98000}",[],[],
CL,Colgate-Palmolive Company,United States,S&P 100;S&P 500,Consumer Non-Cyclicals;Personal Products;Personal & Household Products & Services,"[{'yahoo': 'CPA.F', 'google': 'FRA:CPA', 'currency': 'EUR'}, {'yahoo': 'CL', 'google': 'NYSE:CL', 'currency': 'USD'}, {'yahoo': '0P59.L', 'google': 'LON:0P59', 'currency': 'GBP'}]","{'founded': 1806, 'employees': 34500}",[],[],
CMCSA,Comcast Corporation,United States,NASDAQ 100;S&P 100;S&P 500,Media & Publishing;Cyclical Consumer Services;Broadcasting;Consumer Cyclicals,"[{'yahoo': 'CTP2.F', 'google': 'FRA:CTP2', 'currency': 'EUR'}, {'yahoo': 'CMCSA', 'google': 'NASDAQ:CMCSA', 'currency': 'USD'}]","{'founded': 1963, 'employees': 190000}",[],[],
COF,Capital One Financial Corporation,United States,S&P 100;S&P 500,Banking & Investment Services;Banking Services;Financials;Consumer Lending,"[{'yahoo': 'CFX.F', 'google': 'FRA:CFX', 'currency': 'EUR'}, {'yahoo': 'COF', 'google': 'NYSE:COF', 'currency': 'USD'}, {'yahoo': '0HT4.L', 'google': 'LON:0HT4', 'currency': 'GBP'}, {'yahoo': 'CFXE.F', 'google': 'FRA:CFXE', 'currency': 'EUR'}, {'yahoo': 'CFX1.F', 'google': 'FRA:CFX1', 'currency': 'EUR'}]","{'founded': 1994, 'employees': 51985}",[],[],
COP,ConocoPhillips,United States,S&P 100;S&P 500,Energy;Fossil Fuels;Oil & Gas;Oil & Gas Exploration and Production,"[{'yahoo': 'YCP.F', 'google': 'FRA:YCP', 'currency': 'EUR'}, {'yahoo': 'COP', 'google': 'NYSE:COP', 'currency': 'USD'}, {'yahoo': '0QZA.L', 'google': 'LON:0QZA', 'currency': 'GBP'}]","{'founded': 1875, 'employees': 10400}",['US20825C1045'],[],
COST,Costco Wholesale Corporation,United States,NASDAQ 100;S&P 100;S&P 500,Diversified Retail;Retailers;Discount Stores;Consumer Cyclicals,"[{'yahoo': 'CTO.F', 'google': 'FRA:CTO', 'currency': 'EUR'}, {'yahoo': 'COST', 'google': 'NASDAQ:COST', 'currency': 'USD'}, {'yahoo': '0I47.L', 'google': 'LON:0I47', 'currency': 'GBP'}, {'yahoo': 'CTO0.F', 'google': 'FRA:CTO0', 'currency': 'EUR'}]","{'founded': 1976, 'employees': 273000}",[],[],
CPRT,Copart Inc.,United States,NASDAQ 100;S&P 500,"Auto Vehicles, Parts & Service Retailers;Retailers;Specialty Retailers;Consumer Cyclicals","[{'yahoo': 'CO6.F', 'google': 'FRA:CO6', 'currency': 'EUR'}, {'yahoo': 'CPRT', 'google': 'NASDAQ:CPRT', 'currency': 'USD'}]","{'founded': 1982, 'employees': 7600}",[],[],
CRM,salesforce.com Inc.,United States,DOW JONES;S&P 100;S&P 500,Technology;Software & IT Services;IT Services & Consulting,"[{'yahoo': 'FOO.F', 'google': 'FRA:FOO', 'currency': 'EUR'}, {'yahoo': 'CRM', 'google': 'NYSE:CRM', 'currency': 'USD'}, {'yahoo': 'FOO0.F', 'google': 'FRA:FOO0', 'currency': 'EUR'}, {'yahoo': '0QYJ.L', 'google': 'LON:0QYJ', 'currency': 'GBP'}]","{'founded': 1999, 'employees': 60000}",[],[],
CRWD,"CrowdStrike Holdings, Inc.",United States,NASDAQ 100,Information security,"[{'yahoo': 'CRWD', 'google': 'NASDAQ:CRWD', 'currency': 'USD'}, {'yahoo': '45C.F', 'google': 'FRA:45C', 'currency': 'EUR'}, {'yahoo': '0A3N.L', 'google': 'LON:0A3N', 'currency': 'GBP'}]","{'founded': 2011, 'employees': 3163}",[],[],"CrowdStrike Holdings, Inc."
CSCO,Cisco Systems Inc.,United States,DOW JONES;NASDAQ 100;S&P 100;S&P 500,Technology;Technology Equipment;Communications & Networking,"[{'yahoo': 'CIS.F', 'google': 'FRA:CIS', 'currency': 'EUR'}, {'yahoo': 'CSCO', 'google': 'NASDAQ:CSCO', 'currency': 'USD'}]","{'founded': 1984, 'employees': 77500}",[],[],
CSX,CSX Corporation,United States,NASDAQ 100;S&P 500,Ground Freight & Logistics;Industrials;Freight & Logistics Services;Transportation,"[{'yahoo': 'CXR.F', 'google': 'FRA:CXR', 'currency': 'EUR'}, {'yahoo': 'CSX', 'google': 'NASDAQ:CSX', 'currency': 'USD'}, {'yahoo': '0HRJ.L', 'google': 'LON:0HRJ', 'currency': 'GBP'}]","{'founded': 1980, 'employees': 20908}",[],[],
CTAS,Cintas Corporation,United States,NASDAQ 100;S&P 500,Business Support Services;Industrials;Professional & Commercial Services;Industrial & Commercial Services,"[{'yahoo': 'CIT.F', 'google': 'FRA:CIT', 'currency': 'EUR'}, {'yahoo': 'CTAS', 'google': 'NASDAQ:CTAS', 'currency': 'USD'}, {'yahoo': '0HYJ.L', 'google': 'LON:0HYJ', 'currency': 'GBP'}]","{'founded': 1929, 'employees': 40000}",[],[],
CTSH,Cognizant Technology Solutions Corporation,United States,NASDAQ 100;S&P 500,Technology;Software & IT Services;IT Services & Consulting,"[{'yahoo': 'COZ.F', 'google': 'FRA:COZ', 'currency': 'EUR'}, {'yahoo': 'CTSH', 'google': 'NASDAQ:CTSH', 'currency': 'USD'}, {'yahoo': '0QZ5.L', 'google': 'LON:0QZ5', 'currency': 'GBP'}]","{'founded': 1994, 'employees': 289500}",['US1924461023'],[],
CVS,CVS Health Corporation,United States,S&P 100;S&P 500,Healthcare;Healthcare Providers & Services;Healthcare Facilities & Services;Healthcare Services,"[{'yahoo': 'CVS.F', 'google': 'FRA:CVS', 'currency': 'EUR'}, {'yahoo': 'CVS', 'google': 'NYSE:CVS', 'currency': 'USD'}, {'yahoo': '0HRS.L', 'google': 'LON:0HRS', 'currency': 'GBP'}]","{'founded': 1963, 'employees': 300000}",[],[],
CVX,Chevron Corporation,United States,DOW JONES;S&P 100;S&P 500,Energy;Fossil Fuels;Oil & Gas,"[{'yahoo': 'CHV.F', 'google': 'FRA:CHV', 'currency': 'EUR'}, {'yahoo': 'CVX', 'google': 'NYSE:CVX', 'currency': 'USD'}]","{'founded': 1879, 'employees': 44679}",['US1667641005'],[],
DDOG,"Datadog, Inc.",United States,NASDAQ 100,System Monitoring,"[{'yahoo': 'DDOG', 'google': 'NASDAQ:DDOG', 'currency': 'USD'}]","{'founded': 2010, 'employees': 3200}",[],[],"Datadog, Inc."
DHR,Danaher Corporation,United States,S&P 100;S&P 500,Healthcare;Advanced Medical Equipment & Technology;Healthcare Services;Healthcare Equipment & Supplies,"[{'yahoo': 'DAP.F', 'google': 'FRA:DAP', 'currency': 'EUR'}, {'yahoo': 'DHR', 'google': 'NYSE:DHR', 'currency': 'USD'}, {'yahoo': '0R2B.L', 'google': 'LON:0R2B', 'currency': 'GBP'}]","{'founded': 1969, 'employees': 71000}",[],[],
DIS,The Walt Disney Company,United States,S&P 100;S&P 500;DOW JONES,Media & Publishing;Cyclical Consumer Services;Broadcasting;Consumer Cyclicals,"[{'yahoo': 'WDP.F', 'google': 'FRA:WDP', 'currency': 'EUR'}, {'yahoo': 'DIS', 'google': 'OTCMKTS:DIS', 'currency': 'USD'}, {'yahoo': 'WDP0.F', 'google': 'FRA:WDP0', 'currency': 'EUR'}]","{'founded': 1923, 'employees': 223000}",['US2546871060'],[],
DLTR,Dollar Tree Inc.,United States,NASDAQ 100;S&P 500,Diversified Retail;Retailers;Discount Stores;Consumer Cyclicals,"[{'yahoo': 'DT3.F', 'google': 'FRA:DT3', 'currency': 'EUR'}, {'yahoo': 'DLTR', 'google': 'NASDAQ:DLTR', 'currency': 'USD'}, {'yahoo': '0IC8.L', 'google': 'LON:0IC8', 'currency': 'GBP'}]","{'founded': 1986, 'employees': 193100}",[],[],
DOCU,"DocuSign, Inc.",United States,NASDAQ 100,,"[{'yahoo': 'DOCU', 'google': 'NASDAQ:DOCU', 'currency': 'USD'}, {'yahoo': 'DS3.F', 'google': 'FRA:DS3', 'currency': 'EUR'}, {'yahoo': '0XNH.L', 'google': 'LON:0XNH', 'currency': 'GBP'}]","{'founded': 2003, 'employees': 6200}",[],[],"DocuSign, Inc."
DOW,Dow Inc.,United States,DOW JONES;S&P 100;S&P 500,Chemicals,"[{'yahoo': '2OY.F', 'google': 'FRA:2OY', 'currency': 'EUR'}, {'yahoo': 'DOW', 'google': 'NYSE:DOW', 'currency': 'USD'}, {'yahoo': '0A1S.L', 'google': 'LON:0A1S', 'currency': 'GBP'}]","{'founded': 2019, 'employees': 36500}",[],[],Dow Inc.
DUK,Duke Energy Corporation,United States,S&P 100;S&P 500,Electric Utilities;Electric Utilities & IPPs;Utilities,"[{'yahoo': 'D2MN.F', 'google': 'FRA:D2MN', 'currency': 'EUR'}, {'yahoo': 'DUK', 'google': 'NYSE:DUK', 'currency': 'USD'}, {'yahoo': '0ID1.L', 'google': 'LON:0ID1', 'currency': 'GBP'}]","{'founded': 1904, 'employees': 27535}",[],[],
DXCM,"DexCom, Inc.",United States,NASDAQ 100;S&P 500,,"[{'yahoo': 'DXCM', 'google': 'NASDAQ:DXCM', 'currency': 'USD'}, {'yahoo': 'DC4.F', 'google': 'FRA:DC4', 'currency': 'EUR'}, {'yahoo': '0A4M.L', 'google': 'LON:0A4M', 'currency': 'GBP'}]","{'founded': 1999, 'employees': 3900}",[],[],"DexCom, Inc."
EA,Electronic Arts Inc.,United States,NASDAQ 100;S&P 500,Software;Technology;Software & IT Services,"[{'yahoo': 'ERT.F', 'google': 'FRA:ERT', 'currency': 'EUR'}, {'yahoo': 'EA', 'google': 'NASDAQ:EA', 'currency': 'USD'}, {'yahoo': '0IFX.L', 'google': 'LON:0IFX', 'currency': 'GBP'}]","{'founded': 1982, 'employees': 9800}",[],[],
EBAY,eBay Inc.,United States,NASDAQ 100;S&P 500,Technology;Software & IT Services;Internet Services,"[{'yahoo': 'EBA.F', 'google': 'FRA:EBA', 'currency': 'EUR'}, {'yahoo': 'EBAY', 'google': 'NASDAQ:EBAY', 'currency': 'USD'}]","{'founded': 1995, 'employees': 13300}",[],[],
EMR,Emerson Electric Co.,United States,S&P 100;S&P 500,"Industrial Goods;Industrials;Machinery, Equipment & Components;Electrical Components & Equipment","[{'yahoo': 'EMR.F', 'google': 'FRA:EMR', 'currency': 'EUR'}, {'yahoo': 'EMR', 'google': 'NYSE:EMR', 'currency': 'USD'}, {'yahoo': '0R33.L', 'google': 'LON:0R33', 'currency': 'GBP'}]","{'founded': 1890, 'employees': 83500}",[],[],
EXC,Exelon Corporation,United States,NASDAQ 100;S&P 100;S&P 500,Electric Utilities;Electric Utilities & IPPs;Utilities,"[{'yahoo': 'PEO.F', 'google': 'FRA:PEO', 'currency': 'EUR'}, {'yahoo': 'EXC', 'google': 'NASDAQ:EXC', 'currency': 'USD'}, {'yahoo': '0IJN.L', 'google': 'LON:0IJN', 'currency': 'GBP'}]","{'founded': 2000, 'employees': 33383}",[],[],
F,Ford Motor Company,United States,S&P 100;S&P 500,Auto & Truck Manufacturers;Automobiles & Auto Parts;Consumer Cyclicals,"[{'yahoo': 'FMC1.F', 'google': 'FRA:FMC1', 'currency': 'EUR'}, {'yahoo': 'F', 'google': 'NYSE:F', 'currency': 'USD'}]","{'founded': 1903, 'employees': 186000}",[],[],
FAST,Fastenal Company,United States,NASDAQ 100;S&P 500,"Industrial Goods;Industrials;Machinery, Equipment & Components;Industrial Machinery & Equipment","[{'yahoo': 'FAS.F', 'google': 'FRA:FAS', 'currency': 'EUR'}, {'yahoo': 'FAST', 'google': 'NASDAQ:FAST', 'currency': 'USD'}, {'yahoo': '0IKW.L', 'google': 'LON:0IKW', 'currency': 'GBP'}]","{'founded': 1967, 'employees': 20565}",[],[],
FDX,FedEx Corporation,United States,S&P 100;S&P 500,Industrials;Air Freight & Courier Services;Freight & Logistics Services;Transportation,"[{'yahoo': 'FDX.F', 'google': 'FRA:FDX', 'currency': 'EUR'}, {'yahoo': 'FDX', 'google': 'NYSE:FDX', 'currency': 'USD'}, {'yahoo': '0QZX.L', 'google': 'LON:0QZX', 'currency': 'GBP'}]","{'founded': 1971, 'employees': 600000}",['US31428X1063'],[],
FTNT,Fortinet Inc.,United States,NASDAQ 100;S&P 500,Technology;Software & IT Services;IT Services & Consulting,"[{'yahoo': 'FO8.F', 'google': 'FRA:FO8', 'currency': 'EUR'}, {'yahoo': 'FTNT', 'google': 'NASDAQ:FTNT', 'currency': 'USD'}, {'yahoo': '0IR9.L', 'google': 'LON:0IR9', 'currency': 'GBP'}]","{'founded': 2000, 'employees': 8238}",[],[],
GD,General Dynamics Corporation,United States,S&P 100;S&P 500,Aerospace;Defense,"[{'yahoo': 'GD', 'google': 'NYSE:GD', 'currency': 'USD'}, {'yahoo': '0IUC.L', 'google': 'LON:0IUC', 'currency': 'GBP'}, {'yahoo': 'GDX.F', 'google': 'FRA:GDX', 'currency': 'EUR'}]","{'founded': 1899, 'employees': 104000}",[],[],General Dynamics Corporation
GE,General Electric Company,United States,CAC 40;S&P 100;S&P 500,,"[{'yahoo': 'GEC.F', 'google': 'FRA:GEC', 'currency': 'EUR'}, {'yahoo': 'GE', 'google': 'NYSE:GE', 'currency': 'USD'}, {'yahoo': 'GCP.F', 'google': 'FRA:GCP', 'currency': 'EUR'}, {'yahoo': 'GEC.L', 'google': 'LON:GEC', 'currency': 'GBP'}, {'yahoo': '49P.F', 'google': 'FRA:49P', 'currency': 'EUR'}]","{'founded': 1892, 'employees': 205000}","['FR0010220475', 'US3696041033']",[],
GILD,Gilead Sciences Inc.,United States,NASDAQ 100;S&P 100;S&P 500,Biotechnology & Medical Research;Pharmaceuticals & Medical Research;Healthcare,"[{'yahoo': 'GIS.F', 'google': 'FRA:GIS', 'currency': 'EUR'}, {'yahoo': 'GILD', 'google': 'NASDAQ:GILD', 'currency': 'USD'}]","{'founded': 1987, 'employees': 11800}",[],[],
GM,General Motors Company,United States,S&P 100;S&P 500,Telecommunications Services;Discount Stores;Consumer Non-Cyclicals;Retailers;Integrated Telecommunications Services;Food & Tobacco;Food & Beverages;Food Processing;Diversified Retail;Consumer Cyclicals,"[{'yahoo': '8GM.F', 'google': 'FRA:8GM', 'currency': 'EUR'}, {'yahoo': 'GM', 'google': 'NYSE:GM', 'currency': 'USD'}, {'yahoo': '0R0E.L', 'google': 'LON:0R0E', 'currency': 'GBP'}]","{'founded': 1908, 'employees': 155000}",['US37045V1008'],[],
GOOGL,Alphabet Inc.,United States,NASDAQ 100;S&P 100;S&P 500,Technology;Software & IT Services;Internet Services,"[{'yahoo': 'ABEC.F', 'google': 'FRA:ABEC', 'currency': 'EUR'}, {'yahoo': 'GOOGL', 'google': 'NASDAQ:GOOGL', 'currency': 'USD'}, {'yahoo': 'ABEA.F', 'google': 'FRA:ABEA', 'currency': 'EUR'}, {'yahoo': 'GOOG', 'google': 'NASDAQ:GOOG', 'currency': 'USD'}]","{'founded': 2015, 'employees': 135301}","['US02079K1079', 'US02079K3059']",[],
GS,The Goldman Sachs Group Inc.,United States,DOW JONES;S&P 100;S&P 500,Banking & Investment Services;Investment Banking & Investment Services;Financials;Investment Banking & Brokerage Services,"[{'yahoo': 'GOS.F', 'google': 'FRA:GOS', 'currency': 'EUR'}, {'yahoo': 'GS-PK', 'google': 'NYSE:GS', 'currency': 'USD'}, {'yahoo': 'GS', 'google': 'NYSE:GS', 'currency': 'USD'}, {'yahoo': 'GOS0.F', 'google': 'FRA:GOS0', 'currency': 'EUR'}]","{'founded': 1869, 'employees': 40500}",['US38141G1040'],[],
HD,The Home Depot Inc.,United States,DOW JONES;S&P 100;S&P 500,Retailers;Specialty Retailers;Home Improvement Products & Services Retailers;Consumer Cyclicals,"[{'yahoo': 'HDI.F', 'google': 'FRA:HDI', 'currency': 'EUR'}, {'yahoo': 'HD', 'google': 'NYSE:HD', 'currency': 'USD'}, {'yahoo': 'HDI0.F', 'google': 'FRA:HDI0', 'currency': 'EUR'}]","{'founded': 1978, 'employees': 400000}",[],[],
HON,Honeywell International Inc.,United States,DOW JONES;NASDAQ 100;S&P 100;S&P 500,Industrials;Industrial Conglomerates,"[{'yahoo': 'ALD.F', 'google': 'FRA:ALD', 'currency': 'EUR'}, {'yahoo': 'HON', 'google': 'NASDAQ:HON', 'currency': 'USD'}, {'yahoo': 'HON.L', 'google': 'LON:HON', 'currency': 'GBP'}]","{'founded': 1906, 'employees': 103000}",[],[],
IBM,International Business Machines Corporation,United States,DOW JONES;S&P 100;S&P 500,Technology;Software & IT Services;IT Services & Consulting,"[{'yahoo': 'IBM.F', 'google': 'FRA:IBM', 'currency': 'EUR'}, {'yahoo': 'IBM', 'google': 'NYSE:IBM', 'currency': 'USD'}, {'yahoo': 'IBM.L', 'google': 'LON:IBM', 'currency': 'GBP'}, {'yahoo': 'IBM0.F', 'google': 'FRA:IBM0', 'currency': 'EUR'}]","{'founded': 1911, 'employees': 345900}",['US4592001014'],[],
IDXX,IDEXX Laboratories Inc.,United States,NASDAQ 100;S&P 500,"Medical Equipment, Supplies & Distribution;Healthcare;Healthcare Services;Healthcare Equipment & Supplies","[{'yahoo': 'IX1.F', 'google': 'FRA:IX1', 'currency': 'EUR'}, {'yahoo': 'IDXX', 'google': 'NASDAQ:IDXX', 'currency': 'USD'}, {'yahoo': '0J8P.L', 'google': 'LON:0J8P', 'currency': 'GBP'}]","{'founded': 1983, 'employees': 9200}",[],[],
ILMN,Illumina Inc.,United States,NASDAQ 100;S&P 500,Healthcare;Advanced Medical Equipment & Technology;Healthcare Services;Healthcare Equipment & Supplies,"[{'yahoo': 'ILU.F', 'google': 'FRA:ILU', 'currency': 'EUR'}, {'yahoo': 'ILMN', 'google': 'NASDAQ:ILMN', 'currency': 'USD'}, {'yahoo': '0J8Z.L', 'google': 'LON:0J8Z', 'currency': 'GBP'}]","{'founded': 1998, 'employees': 7300}",[],[],
INTC,Intel Corporation,United States,DOW JONES;NASDAQ 100;S&P 100;S&P 500,Technology;Technology Equipment;Semiconductors & Semiconductor Equipment;Semiconductors,"[{'yahoo': 'INL.F', 'google': 'FRA:INL', 'currency': 'EUR'}, {'yahoo': 'INTC', 'google': 'NASDAQ:INTC', 'currency': 'USD'}]","{'founded': 1968, 'employees': 110600}",[],[],
INTU,Intuit Inc.,United States,NASDAQ 100;S&P 500,Software;Technology;Software & IT Services,"[{'yahoo': 'ITU.F', 'google': 'FRA:ITU', 'currency': 'EUR'}, {'yahoo': 'INTU', 'google': 'NASDAQ:INTU', 'currency': 'USD'}, {'yahoo': '0JCT.L', 'google': 'LON:0JCT', 'currency': 'GBP'}]","{'founded': 1983, 'employees': 10600}",[],[],
ISRG,Intuitive Surgical Inc.,United States,NASDAQ 100;S&P 500,Healthcare;Advanced Medical Equipment & Technology;Healthcare Services;Healthcare Equipment & Supplies,"[{'yahoo': 'IUI1.F', 'google': 'FRA:IUI1', 'currency': 'EUR'}, {'yahoo': 'ISRG', 'google': 'NASDAQ:ISRG', 'currency': 'USD'}, {'yahoo': '0R29.L', 'google': 'LON:0R29', 'currency': 'GBP'}]","{'founded': 1995, 'employees': 5527}",[],[],
JD,JD.com Inc.,China,NASDAQ 100,Technology;Software & IT Services;Internet Services,"[{'yahoo': '013A.F', 'google': 'FRA:013A', 'currency': 'EUR'}, {'yahoo': 'JD', 'google': 'NASDAQ:JD', 'currency': 'USD'}, {'yahoo': 'JDCMF', 'google': 'OTCMKTS:JDCMF', 'currency': 'USD'}, {'yahoo': '013C.F', 'google': 'FRA:013C', 'currency': 'EUR'}]","{'founded': '', 'employees': 310000}",[],[],
JNJ,Johnson & Johnson,United States,DOW JONES;S&P 100;S&P 500,Pharmaceuticals;Pharmaceuticals & Medical Research;Healthcare,"[{'yahoo': 'JNJ.F', 'google': 'FRA:JNJ', 'currency': 'EUR'}, {'yahoo': 'JNJ', 'google': 'NYSE:JNJ', 'currency': 'USD'}]","{'founded': 1886, 'employees': 132200}",['US4781601046'],[],
JPM,JPMorgan Chase & Co.,United States,DOW JONES;S&P 100;S&P 500,Banking & Investment Services;Banking Services;Financials;Banks,"[{'yahoo': 'CMC.F', 'google': 'FRA:CMC', 'currency': 'EUR'}, {'yahoo': 'JPM', 'google': 'NYSE:JPM', 'currency': 'USD'}]","{'founded': 2000, 'employees': 255351}",['US46625H1005'],[],
KDP,Keurig Dr Pepper Inc.,United States,NASDAQ 100;S&P 500,Beverage,"[{'yahoo': 'DP5.F', 'google': 'FRA:DP5', 'currency': 'EUR'}, {'yahoo': 'KDP', 'google': 'NASDAQ:KDP', 'currency': 'USD'}, {'yahoo': '0Z62.L', 'google': 'LON:0Z62', 'currency': 'GBP'}]","{'founded': 1981, 'employees': 25500}",['US49271VAP58'],[],Keurig Dr Pepper Inc.
KHC,The Kraft Heinz Company,United States,NASDAQ 100;S&P 100;S&P 500,Food & Beverages;Consumer Non-Cyclicals;Food Processing;Food & Tobacco,"[{'yahoo': 'KHNZ.F', 'google': 'FRA:KHNZ', 'currency': 'EUR'}, {'yahoo': 'KHC', 'google': 'NASDAQ:KHC', 'currency': 'USD'}, {'yahoo': '0JRV.L', 'google': 'LON:0JRV', 'currency': 'GBP'}]","{'founded': 2015, 'employees': 38757}",[],[],
KLAC,KLA-Tencor Corporation,United States,NASDAQ 100;S&P 500,Semiconductor Equipment & Testing;Technology;Technology Equipment;Semiconductors & Semiconductor Equipment,"[{'yahoo': 'KLA.F', 'google': 'FRA:KLA', 'currency': 'EUR'}, {'yahoo': 'KLAC', 'google': 'NASDAQ:KLAC', 'currency': 'USD'}, {'yahoo': '0JPO.L', 'google': 'LON:0JPO', 'currency': 'GBP'}]","{'founded': 1997, 'employees': 10600}",[],[],
KO,The Coca-Cola Company,United States,DOW JONES;S&P 100;S&P 500,Food & Beverages;Consumer Non-Cyclicals;Beverages;Non-Alcoholic Beverages,"[{'yahoo': 'CCC3.F', 'google': 'FRA:CCC3', 'currency': 'EUR'}, {'yahoo': 'KO', 'google': 'OTCMKTS:KO', 'currency': 'USD'}]","{'founded': 1892, 'employees': 86200}",['US1912161007'],[],
LCID,Lucid Motors,United States,NASDAQ 100,Automobiles,"[{'yahoo': 'LCID', 'google': 'NASDAQ:LCID', 'currency': 'USD'}]","{'founded': 2007, 'employees': 3900}",['US5494981039'],"['Lucid Group, Inc.']",Lucid Motors
LIN,Linde PLC,United Kingdom,DAX;EURO STOXX 50;S&P 100;S&P 500,Commodity Chemicals;Basic Materials;Chemicals,"[{'yahoo': 'LIN.F', 'google': 'FRA:LIN', 'currency': 'EUR'}, {'yahoo': 'LIN', 'google': 'NYSE:LIN', 'currency': 'USD'}]","{'founded': 1879, 'employees': 74207}",['IE00BZ12WP82'],[],
LLY,Eli Lilly and Company,United States,S&P 100;S&P 500,Pharmaceuticals;Pharmaceuticals & Medical Research;Healthcare,"[{'yahoo': 'LLY.F', 'google': 'FRA:LLY', 'currency': 'EUR'}, {'yahoo': 'LLY', 'google': 'NYSE:LLY', 'currency': 'USD'}, {'yahoo': '0Q1G.L', 'google': 'LON:0Q1G', 'currency': 'GBP'}]","{'founded': 1876, 'employees': 33625}",['US5324571083'],[],
LMT,Lockheed Martin Corporation,United States,S&P 100;S&P 500,Advanced Technologies;Aerospace;Defense,"[{'yahoo': 'LMT', 'google': 'NYSE:LMT', 'currency': 'USD'}, {'yahoo': 'LOM.F', 'google': 'FRA:LOM', 'currency': 'EUR'}, {'yahoo': '0R3E.L', 'google': 'LON:0R3E', 'currency': 'GBP'}]","{'founded': 1995, 'employees': 110000}",[],[],Lockheed Martin Corporation
LOW,Lowe's Companies Inc.,United States,S&P 100;S&P 500,Retailers;Specialty Retailers;Home Improvement Products & Services Retailers;Consumer Cyclicals,"[{'yahoo': 'LWE.F', 'google': 'FRA:LWE', 'currency': 'EUR'}, {'yahoo': 'LOW', 'google': 'NYSE:LOW', 'currency': 'USD'}, {'yahoo': '0JVQ.L', 'google': 'LON:0JVQ', 'currency': 'GBP'}]","{'founded': 1921, 'employees': 300000}",['US5486611073'],[],
LRCX,Lam Research Corporation,United States,NASDAQ 100;S&P 500,Semiconductor Equipment & Testing;Technology;Technology Equipment;Semiconductors & Semiconductor Equipment,"[{'yahoo': 'LAR.F', 'google': 'FRA:LAR', 'currency': 'EUR'}, {'yahoo': 'LRCX', 'google': 'NASDAQ:LRCX', 'currency': 'USD'}, {'yahoo': '0JT5.L', 'google': 'LON:0JT5', 'currency': 'GBP'}]","{'founded': 1980, 'employees': 10700}",[],[],
LULU,lululemon athletica inc.,Canada,NASDAQ 100,Retail,"[{'yahoo': 'LULU', 'google': 'NASDAQ:LULU', 'currency': 'USD'}, {'yahoo': '33L.F', 'google': 'FRA:33L', 'currency': 'EUR'}, {'yahoo': '0JVT.L', 'google': 'LON:0JVT', 'currency': 'GBP'}]","{'founded': 1998, 'employees': 19000}",['US5500211090'],[],lululemon athletica inc.
MA,Mastercard Inc.,United States,S&P 100;S&P 500,Technology;Software & IT Services;Internet Services,"[{'yahoo': 'M4I.F', 'google': 'FRA:M4I', 'currency': 'EUR'}, {'yahoo': 'MA', 'google': 'NYSE:MA', 'currency': 'USD'}, {'yahoo': 'M4I0.F', 'google': 'FRA:M4I0', 'currency': 'EUR'}]","{'founded': 1966, 'employees': 21000}",[],[],
MAR,Marriott International Inc.,United States,NASDAQ 100;S&P 500,"Hotels & Entertainment Services;Cyclical Consumer Services;Hotels, Motels & Cruise Lines;Consumer Cyclicals","[{'yahoo': 'MAQ.F', 'google': 'FRA:MAQ', 'currency': 'EUR'}, {'yahoo': 'MAR', 'google': 'NASDAQ:MAR', 'currency': 'USD'}, {'yahoo': '0JYW.L', 'google': 'LON:0JYW', 'currency': 'GBP'}, {'yahoo': '0P0000KQL0', 'google': 'OTCMKTS:0P0000KQL0', 'currency': 'USD'}, {'yahoo': '0P0001I1JH', 'google': 'OTCMKTS:0P0001I1JH', 'currency': 'USD'}]","{'founded': 1927, 'employees': 121000}",[],[],
MCD,McDonald's Corporation,United States,DOW JONES;S&P 100;S&P 500,Hotels & Entertainment Services;Restaurants & Bars;Cyclical Consumer Services;Consumer Cyclicals,"[{'yahoo': 'MDO.F', 'google': 'FRA:MDO', 'currency': 'EUR'}, {'yahoo': 'MCD', 'google': 'NYSE:MCD', 'currency': 'USD'}, {'yahoo': 'MDO0.F', 'google': 'FRA:MDO0', 'currency': 'EUR'}]","{'founded': 1940, 'employees': 210000}",['US5801351017'],[],
MCHP,Microchip Technology Inc.,United States,NASDAQ 100;S&P 500,Technology;Technology Equipment;Semiconductors & Semiconductor Equipment;Semiconductors,"[{'yahoo': 'MCP.F', 'google': 'FRA:MCP', 'currency': 'EUR'}, {'yahoo': 'MCHP', 'google': 'NASDAQ:MCHP', 'currency': 'USD'}, {'yahoo': '0K19.L', 'google': 'LON:0K19', 'currency': 'GBP'}]","{'founded': 1989, 'employees': 18286}",[],[],
MDLZ,Mondelez International Inc.,United States,NASDAQ 100;S&P 100;S&P 500,Food & Beverages;Consumer Non-Cyclicals;Food Processing;Food & Tobacco,"[{'yahoo': 'KTF.F', 'google': 'FRA:KTF', 'currency': 'EUR'}, {'yahoo': 'MDLZ', 'google': 'NASDAQ:MDLZ', 'currency': 'USD'}, {'yahoo': '0R0G.L', 'google': 'LON:0R0G', 'currency': 'GBP'}]","{'founded': 1923, 'employees': 80000}",[],[],
MDT,Medtronic PLC,Ireland,S&P 100;S&P 500,"Medical Equipment, Supplies & Distribution;Healthcare;Healthcare Services;Healthcare Equipment & Supplies","[{'yahoo': '2M6.F', 'google': 'FRA:2M6', 'currency': 'EUR'}, {'yahoo': 'MDT', 'google': 'NYSE:MDT', 'currency': 'USD'}, {'yahoo': '0Y6X.L', 'google': 'LON:0Y6X', 'currency': 'GBP'}]","{'founded': 1949, 'employees': 104950}",['IE00BTN1Y115'],[],
MELI,"Mercado Libre, Inc.",Argentina,NASDAQ 100,,"[{'yahoo': 'MELI', 'google': 'NASDAQ:MELI', 'currency': 'USD'}]","{'founded': 1999, 'employees': 15500}",[],[],"Mercado Libre, Inc."
MET,MetLife Inc.,United States,S&P 100;S&P 500,Insurance;Financials;Life & Health Insurance,"[{'yahoo': 'MWZ.F', 'google': 'FRA:MWZ', 'currency': 'EUR'}, {'yahoo': 'MET', 'google': 'NYSE:MET', 'currency': 'USD'}, {'yahoo': '0K0X.L', 'google': 'LON:0K0X', 'currency': 'GBP'}]","{'founded': 1868, 'employees': 49000}",[],[],
META,"Meta Platforms, Inc.",United States,NASDAQ 100;S&P 100;S&P 500,Social media;Social network advertising;Consumer electronics;Virtual reality,"[{'yahoo': 'META', 'google': 'NASDAQ:META', 'currency': 'USD'}, {'yahoo': 'FB2A.F', 'google': 'FRA:FB2A', 'currency': 'EUR'}]","{'founded': 2004, 'employees': 83553}",[],[],"Meta Platforms, Inc."
MMM,3M Company,United States,DOW JONES;S&P 100;S&P 500,Industrials;Industrial Conglomerates,"[{'yahoo': 'MMM.F', 'google': 'FRA:MMM', 'currency': 'EUR'}, {'yahoo': 'MMM', 'google': 'NYSE:MMM', 'currency': 'USD'}]","{'founded': 1902, 'employees': 94987}",['US88579Y1010'],[],
MNST,Monster Beverage Corporation,United States,NASDAQ 100;S&P 500,Food & Beverages;Consumer Non-Cyclicals;Beverages;Non-Alcoholic Beverages,"[{'yahoo': 'MOB.F', 'google': 'FRA:MOB', 'currency': 'EUR'}, {'yahoo': 'MNST', 'google': 'NASDAQ:MNST', 'currency': 'USD'}, {'yahoo': '0K34.L', 'google': 'LON:0K34', 'currency': 'GBP'}]","{'founded': 1935, 'employees': 3666}",[],[],
MO,Altria Group Inc.,United States,S&P 100;S&P 500,Food & Beverages;Consumer Non-Cyclicals;Tobacco;Food & Tobacco,"[{'yahoo': 'PHM7.F', 'google': 'FRA:PHM7', 'currency': 'EUR'}, {'yahoo': 'MO', 'google': 'NYSE:MO', 'currency': 'USD'}]","{'founded': 1985, 'employees': 8300}",[],[],
MRK,Merck & Co. Inc.,United States,DOW JONES;S&P 100;S&P 500,Pharmaceuticals;Pharmaceuticals & Medical Research;Healthcare,"[{'yahoo': 'MRK', 'google': 'NYSE:MRK', 'currency': 'USD'}]","{'founded': 1668, 'employees': 74000}",[],[],
MRNA,"Moderna, Inc.",United States,NASDAQ 100;S&P 500,Biotechnology,"[{'yahoo': 'MRNA', 'google': 'NASDAQ:MRNA', 'currency': 'USD'}, {'yahoo': '0QF.F', 'google': 'FRA:0QF', 'currency': 'EUR'}]","{'founded': 2010, 'employees': 1500}",['US60770K1079'],[],"Moderna, Inc."
MRVL,Marvell Technology Group Ltd.,United States,NASDAQ 100,Semiconductor,"[{'yahoo': 'MVL.F', 'google': 'FRA:MVL', 'currency': 'EUR'}, {'yahoo': 'MRVL', 'google': 'NASDAQ:MRVL', 'currency': 'USD'}, {'yahoo': '0UBI.L', 'google': 'LON:0UBI', 'currency': 'GBP'}, {'yahoo': '9MW.F', 'google': 'FRA:9MW', 'currency': 'EUR'}]","{'founded': 1995, 'employees': 5200}",['US5738741041'],[],Marvell Technology Group Ltd.
MS,Morgan Stanley,United States,S&P 100;S&P 500,Banking & Investment Services;Investment Banking & Investment Services;Financials;Investment Banking & Brokerage Services,"[{'yahoo': 'DWD.F', 'google': 'FRA:DWD', 'currency': 'EUR'}, {'yahoo': 'MS', 'google': 'NYSE:MS', 'currency': 'USD'}, {'yahoo': 'MNSLV', 'google': 'OTCMKTS:MNSLV', 'currency': 'USD'}]","{'founded': 1924, 'employees': 70431}",[],[],
MSFT,Microsoft Corporation,United States,DOW JONES;NASDAQ 100;S&P 100;S&P 500,Software;Technology;Software & IT Services,"[{'yahoo': 'MSF.F', 'google': 'FRA:MSF', 'currency': 'EUR'}, {'yahoo': 'MSFT', 'google': 'NASDAQ:MSFT', 'currency': 'USD'}, {'yahoo': 'MSF0.F', 'google': 'FRA:MSF0', 'currency': 'EUR'}]","{'founded': 1975, 'employees': 166475}",['US5949181045'],[],
MTCH,"Match Group, Inc.",United States,NASDAQ 100;S&P 500,Online dating service,"[{'yahoo': 'MTCH', 'google': 'NASDAQ:MTCH', 'currency': 'USD'}, {'yahoo': '4MGN.F', 'google': 'FRA:4MGN', 'currency': 'EUR'}, {'yahoo': '0JZ7.L', 'google': 'LON:0JZ7', 'currency': 'GBP'}]","{'founded': '', 'employees': 1700}",['US57667L1070'],[],"Match Group, Inc."
MU,Micron Technology Inc.,United States,NASDAQ 100;S&P 500,Technology;Technology Equipment;Semiconductors & Semiconductor Equipment;Semiconductors,"[{'yahoo': 'MTE.F', 'google': 'FRA:MTE', 'currency': 'EUR'}, {'yahoo': 'MU', 'google': 'NASDAQ:MU', 'currency': 'USD'}, {'yahoo': '0R2T.L', 'google': 'LON:0R2T', 'currency': 'GBP'}]","{'founded': 1978, 'employees': 40000}",[],[],
NEE,NextEra Energy Inc.,United States,S&P 100;S&P 500,Electric Utilities;Electric Utilities & IPPs;Utilities,"[{'yahoo': 'FP3.F', 'google': 'FRA:FP3', 'currency': 'EUR'}, {'yahoo': 'NEE', 'google': 'NYSE:NEE', 'currency': 'USD'}, {'yahoo': '0K80.L', 'google': 'LON:0K80', 'currency': 'GBP'}, {'yahoo': 'NEEXU', 'google': 'OTCMKTS:NEEXU', 'currency': 'USD'}]","{'founded': 1984, 'employees': 14800}",[],[],
NFLX,Netflix Inc.,United States,NASDAQ 100;S&P 100;S&P 500,Technology;Software & IT Services;Internet Services,"[{'yahoo': 'NFC.F', 'google': 'FRA:NFC', 'currency': 'EUR'}, {'yahoo': 'NFLX', 'google': 'NASDAQ:NFLX', 'currency': 'USD'}, {'yahoo': 'NFC1.F', 'google': 'FRA:NFC1', 'currency': 'EUR'}]","{'founded': 1997, 'employees': 12135}",[],[],
NKE,"Nike, Inc.",United States,DOW JONES;S&P 100;S&P 500,Apparel;Accessories;Sports equipment,"[{'yahoo': 'NKE.F', 'google': 'FRA:NKE', 'currency': 'EUR'}, {'yahoo': 'NKE', 'google': 'NYSE:NKE', 'currency': 'USD'}]","{'founded': 1964, 'employees': 73300}",['US6541061031'],[],"Nike, Inc."
NTES,NetEase Inc.,China,NASDAQ 100,Technology;Software & IT Services;IT Services & Consulting,"[{'yahoo': 'NEH.F', 'google': 'FRA:NEH', 'currency': 'EUR'}, {'yahoo': 'NTES', 'google': 'NASDAQ:NTES', 'currency': 'USD'}, {'yahoo': 'NETTF', 'google': 'OTCMKTS:NETTF', 'currency': 'USD'}, {'yahoo': '4Y01.F', 'google': 'FRA:4Y01', 'currency': 'EUR'}, {'yahoo': '0K6G.L', 'google': 'LON:0K6G', 'currency': 'GBP'}]","{'founded': 1997, 'employees': 18129}",[],[],
NVDA,NVIDIA Corporation,United States,NASDAQ 100;S&P 100;S&P 500,Technology;Technology Equipment;Semiconductors & Semiconductor Equipment;Semiconductors,"[{'yahoo': 'NVD.F', 'google': 'FRA:NVD', 'currency': 'EUR'}, {'yahoo': 'NVDA', 'google': 'NASDAQ:NVDA', 'currency': 'USD'}, {'yahoo': 'NVDG.F', 'google': 'FRA:NVDG', 'currency': 'EUR'}]","{'founded': 1993, 'employees': 18100}",[],[],
NXPI,NXP Semiconductors N.V.,Netherlands,NASDAQ 100;S&P 500,Technology;Technology Equipment;Semiconductors & Semiconductor Equipment;Semiconductors,"[{'yahoo': 'VNX.F', 'google': 'FRA:VNX', 'currency': 'EUR'}, {'yahoo': 'NXPI', 'google': 'NASDAQ:NXPI', 'currency': 'USD'}, {'yahoo': '0EDE.L', 'google': 'LON:0EDE', 'currency': 'GBP'}]","{'founded': 1953, 'employees': 29000}",[],[],
ODFL,"Old Dominion Freight Line, Inc.",United States,NASDAQ 100;S&P 500,,"[{'yahoo': 'ODFL', 'google': 'NASDAQ:ODFL', 'currency': 'USD'}, {'yahoo': '0A7P.L', 'google': 'LON:0A7P', 'currency': 'GBP'}, {'yahoo': 'ODF.F', 'google': 'FRA:ODF', 'currency': 'EUR'}]","{'founded': 1934, 'employees': 21279}",['US6795801009'],[],"Old Dominion Freight Line, Inc."
OKTA,"Okta, Inc.",United States,NASDAQ 100,Software,"[{'yahoo': '0KB7.L', 'google': 'LON:0KB7', 'currency': 'GBP'}, {'yahoo': '0OK.F', 'google': 'FRA:0OK', 'currency': 'EUR'}, {'yahoo': 'OKTA', 'google': 'NASDAQ:OKTA', 'currency': 'USD'}]","{'founded': 2009, 'employees': 2379}",[],[],"Okta, Inc."
ORCL,Oracle Corporation,United States,S&P 100;S&P 500,Software;Technology;Software & IT Services,"[{'yahoo': 'ORC.F', 'google': 'FRA:ORC', 'currency': 'EUR'}, {'yahoo': 'ORCL', 'google': 'NYSE:ORCL', 'currency': 'USD'}, {'yahoo': 'OCJ.F', 'google': 'FRA:OCJ', 'currency': 'EUR'}, {'yahoo': 'OCLCF', 'google': 'OTCMKTS:OCLCF', 'currency': 'USD'}]","{'founded': 1977, 'employees': 135000}",[],[],
ORLY,O'Reilly Automotive Inc.,United States,NASDAQ 100;S&P 500,"Auto Vehicles, Parts & Service Retailers;Retailers;Specialty Retailers;Consumer Cyclicals","[{'yahoo': 'OM6.F', 'google': 'FRA:OM6', 'currency': 'EUR'}, {'yahoo': 'ORLY', 'google': 'NASDAQ:ORLY', 'currency': 'USD'}, {'yahoo': '0KAB.L', 'google': 'LON:0KAB', 'currency': 'GBP'}]","{'founded': 1957, 'employees': 82484}",[],[],
PANW,"Palo Alto Networks, Inc.",United States,NASDAQ 100,Cybersecurity,"[{'yahoo': 'PANW', 'google': 'NASDAQ:PANW', 'currency': 'USD'}]","{'founded': 2005, 'employees': 11098}",[],[],"Palo Alto Networks, Inc."
PAYX,Paychex Inc.,United States,NASDAQ 100;S&P 500,Industrials;Professional & Commercial Services;Employment Services;Industrial & Commercial Services,"[{'yahoo': 'PCX.F', 'google': 'FRA:PCX', 'currency': 'EUR'}, {'yahoo': 'PAYX', 'google': 'NASDAQ:PAYX', 'currency': 'USD'}, {'yahoo': '0KGE.L', 'google': 'LON:0KGE', 'currency': 'GBP'}]","{'founded': 1971, 'employees': 14300}",[],[],
PCAR,PACCAR Inc,United States,NASDAQ 100;S&P 500,"Industrial Goods;Industrials;Heavy Machinery & Vehicles;Machinery, Equipment & Components","[{'yahoo': 'PAE.F', 'google': 'FRA:PAE', 'currency': 'EUR'}, {'yahoo': 'PCAR', 'google': 'NASDAQ:PCAR', 'currency': 'USD'}, {'yahoo': '0KET.L', 'google': 'LON:0KET', 'currency': 'GBP'}]","{'founded': 1905, 'employees': 27000}",[],[],
PDD,Pinduoduo Inc.,China,NASDAQ 100,Internet,"[{'yahoo': '9PDA.F', 'google': 'FRA:9PDA', 'currency': 'EUR'}, {'yahoo': 'PDD', 'google': 'NASDAQ:PDD', 'currency': 'USD'}]","{'founded': '', 'employees': ''}",[],[],Pinduoduo Inc.
PEP,"PepsiCo, Inc.",United States,NASDAQ 100;S&P 100;S&P 500,Beverages,"[{'yahoo': 'PEP', 'google': 'NASDAQ:PEP', 'currency': 'USD'}, {'yahoo': 'PEP.F', 'google': 'FRA:PEP', 'currency': 'EUR'}]","{'founded': 1898, 'employees': 267000}",[],[],"PepsiCo, Inc."
PFE,Pfizer Inc.,United States,S&P 100;S&P 500,Pharmaceuticals;Pharmaceuticals & Medical Research;Healthcare,"[{'yahoo': 'PFE.F', 'google': 'FRA:PFE', 'currency': 'EUR'}, {'yahoo': 'PFE', 'google': 'NYSE:PFE', 'currency': 'USD'}]","{'founded': 1849, 'employees': 78500}",[],[],
PG,The Procter & Gamble Company,United States,DOW JONES;S&P 100;S&P 500,Consumer Non-Cyclicals;Personal Products;Personal & Household Products & Services,"[{'yahoo': 'PRG.F', 'google': 'FRA:PRG', 'currency': 'EUR'}, {'yahoo': 'PG', 'google': 'NYSE:PG', 'currency': 'USD'}, {'yahoo': '0NOF.L', 'google': 'LON:0NOF', 'currency': 'GBP'}]","{'founded': 1837, 'employees': 99000}",[],[],
PM,Philip Morris International Inc.,Netherlands,S&P 100;S&P 500,Healthcare;Advanced Medical Equipment & Technology;Healthcare Services;Healthcare Equipment & Supplies,"[{'yahoo': '4I1.F', 'google': 'FRA:4I1', 'currency': 'EUR'}, {'yahoo': 'PM', 'google': 'NYSE:PM', 'currency': 'USD'}]","{'founded': 1847, 'employees': 77400}",[],[],
PYPL,PayPal Holdings Inc.,United States,NASDAQ 100;S&P 100;S&P 500,Technology;Software & IT Services;Internet Services,"[{'yahoo': '2PP.F', 'google': 'FRA:2PP', 'currency': 'EUR'}, {'yahoo': 'PYPL', 'google': 'NASDAQ:PYPL', 'currency': 'USD'}, {'yahoo': '2PP0.F', 'google': 'FRA:2PP0', 'currency': 'EUR'}]","{'founded': 1998, 'employees': 21800}",[],[],
QCOM,Qualcomm Inc.,United States,NASDAQ 100;S&P 100;S&P 500,Technology;Technology Equipment;Semiconductors & Semiconductor Equipment;Semiconductors,"[{'yahoo': 'QCI.F', 'google': 'FRA:QCI', 'currency': 'EUR'}, {'yahoo': 'QCOM', 'google': 'NASDAQ:QCOM', 'currency': 'USD'}]","{'founded': 1985, 'employees': 41000}",[],[],
REGN,Regeneron Pharmaceuticals Inc.,United States,NASDAQ 100;S&P 500,Biotechnology & Medical Research;Pharmaceuticals & Medical Research;Healthcare,"[{'yahoo': 'RGO.F', 'google': 'FRA:RGO', 'currency': 'EUR'}, {'yahoo': 'REGN', 'google': 'NASDAQ:REGN', 'currency': 'USD'}, {'yahoo': '0R2M.L', 'google': 'LON:0R2M', 'currency': 'GBP'}]","{'founded': 1988, 'employees': 8100}",[],[],
ROST,Ross Stores Inc.,United States,NASDAQ 100;S&P 500,Retailers;Apparel & Accessories Retailers;Specialty Retailers;Consumer Cyclicals,"[{'yahoo': 'RSO.F', 'google': 'FRA:RSO', 'currency': 'EUR'}, {'yahoo': 'ROST', 'google': 'NASDAQ:ROST', 'currency': 'USD'}, {'yahoo': '0KXO.L', 'google': 'LON:0KXO', 'currency': 'GBP'}]","{'founded': 1982, 'employees': 88100}",[],[],
SBUX,Starbucks Corporation,United States,NASDAQ 100;S&P 100;S&P 500,Hotels & Entertainment Services;Restaurants & Bars;Cyclical Consumer Services;Consumer Cyclicals,"[{'yahoo': 'SRB.F', 'google': 'FRA:SRB', 'currency': 'EUR'}, {'yahoo': 'SBUX', 'google': 'NASDAQ:SBUX', 'currency': 'USD'}]","{'founded': 1971, 'employees': 349000}",[],[],
SCHW,The Charles Schwab Corporation,United States,S&P 100;S&P 500,Financials,"[{'yahoo': 'SWG.F', 'google': 'FRA:SWG', 'currency': 'EUR'}, {'yahoo': 'SCHW', 'google': 'NYSE:SCHW', 'currency': 'USD'}, {'yahoo': '0L3I.L', 'google': 'LON:0L3I', 'currency': 'GBP'}, {'yahoo': 'SWG0.F', 'google': 'FRA:SWG0', 'currency': 'EUR'}]","{'founded': 1971, 'employees': 32000}",['US8085131055'],[],
SIRI,Sirius XM Holdings Inc.,United States,NASDAQ 100,Media & Publishing;Cyclical Consumer Services;Broadcasting;Consumer Cyclicals,"[{'yahoo': 'RDO.F', 'google': 'FRA:RDO', 'currency': 'EUR'}, {'yahoo': 'SIRI', 'google': 'NASDAQ:SIRI', 'currency': 'USD'}, {'yahoo': '0L6Z.L', 'google': 'LON:0L6Z', 'currency': 'GBP'}]","{'founded': 2008, 'employees': 4534}",[],[],
SNPS,Synopsys Inc.,United States,NASDAQ 100;S&P 500,Software;Technology;Software & IT Services,"[{'yahoo': 'SYP.F', 'google': 'FRA:SYP', 'currency': 'EUR'}, {'yahoo': 'SNPS', 'google': 'NASDAQ:SNPS', 'currency': 'USD'}, {'yahoo': '0LBP.L', 'google': 'LON:0LBP', 'currency': 'GBP'}]","{'founded': 1986, 'employees': 13000}",[],[],
SO,Southern Company,United States,S&P 100;S&P 500,Electric Utilities;Electric Utilities & IPPs;Utilities,"[{'yahoo': 'SOT.F', 'google': 'FRA:SOT', 'currency': 'EUR'}, {'yahoo': 'SO', 'google': 'NYSE:SO', 'currency': 'USD'}, {'yahoo': '0L8A.L', 'google': 'LON:0L8A', 'currency': 'GBP'}]","{'founded': 1945, 'employees': 29000}",[],[],
SPG,Simon Property Group Inc.,United States,S&P 100;S&P 500,Commercial REITs;Real Estate;Financials;Residential & Commercial RETIs,"[{'yahoo': 'SQI.F', 'google': 'FRA:SQI', 'currency': 'EUR'}, {'yahoo': 'SPG', 'google': 'NYSE:SPG', 'currency': 'USD'}, {'yahoo': '0L6P.L', 'google': 'LON:0L6P', 'currency': 'GBP'}]","{'founded': 1993, 'employees': 3300}",[],[],
STZ,Constellation Brands Inc.,United States,NASDAQ 100;S&P 500,Food & Beverages;Consumer Non-Cyclicals;Beverages;Distillers & Wineries,"[{'yahoo': 'CB1A.F', 'google': 'FRA:CB1A', 'currency': 'EUR'}, {'yahoo': 'STZ', 'google': 'NYSE:STZ', 'currency': 'USD'}, {'yahoo': 'CEG', 'google': 'NASDAQ:CEG', 'currency': 'USD'}]","{'founded': 1945, 'employees': 8700}",[],[],
SWKS,Skyworks Solutions Inc.,United States,NASDAQ 100;S&P 500,Technology;Technology Equipment;Semiconductors & Semiconductor Equipment;Semiconductors,"[{'yahoo': 'AWM.F', 'google': 'FRA:AWM', 'currency': 'EUR'}, {'yahoo': 'SWKS', 'google': 'NASDAQ:SWKS', 'currency': 'USD'}, {'yahoo': '0L77.L', 'google': 'LON:0L77', 'currency': 'GBP'}]","{'founded': 2002, 'employees': 10017}",[],[],
T,AT&T Inc,United States,S&P 100;S&P 500,Telecommunications Services;Wireless Telecommunications Services,"[{'yahoo': 'SOBA.F', 'google': 'FRA:SOBA', 'currency': 'EUR'}, {'yahoo': 'T', 'google': 'NYSE:T', 'currency': 'USD'}]","{'founded': 1983, 'employees': 230000}",['US00206R1023'],[],
TEAM,Atlassian Corporation Plc,Australia,NASDAQ 100,Software,"[{'yahoo': 'TEAM', 'google': 'NASDAQ:TEAM', 'currency': 'USD'}, {'yahoo': '59A.F', 'google': 'FRA:59A', 'currency': 'EUR'}]","{'founded': 2002, 'employees': 6117}",['GB00BZ09BD16'],[],Atlassian Corporation Plc
TGT,Target Corporation,United States,S&P 100;S&P 500,Diversified Retail;Retailers;Discount Stores;Consumer Cyclicals,"[{'yahoo': 'DYH.F', 'google': 'FRA:DYH', 'currency': 'EUR'}, {'yahoo': 'TGT', 'google': 'NYSE:TGT', 'currency': 'USD'}, {'yahoo': '0LD8.L', 'google': 'LON:0LD8', 'currency': 'GBP'}]","{'founded': 1902, 'employees': 368000}",[],[],
TMO,Thermo Fisher Scientific Inc.,United States,S&P 100;S&P 500,Healthcare;Advanced Medical Equipment & Technology;Healthcare Services;Healthcare Equipment & Supplies,"[{'yahoo': 'TN8.F', 'google': 'FRA:TN8', 'currency': 'EUR'}, {'yahoo': 'TMO', 'google': 'NYSE:TMO', 'currency': 'USD'}, {'yahoo': '0R0H.L', 'google': 'LON:0R0H', 'currency': 'GBP'}]","{'founded': 1956, 'employees': 80000}",[],[],
TMUS,T-Mobile US Inc.,United States,NASDAQ 100;S&P 100;S&P 500,Telecommunications Services;Wireless Telecommunications Services,"[{'yahoo': 'TM5.F', 'google': 'FRA:TM5', 'currency': 'EUR'}, {'yahoo': 'TMUS', 'google': 'NASDAQ:TMUS', 'currency': 'USD'}, {'yahoo': '0R2L.L', 'google': 'LON:0R2L', 'currency': 'GBP'}]","{'founded': 1994, 'employees': 75000}",['US8725901040'],[],
TSLA,Tesla Inc.,United States,NASDAQ 100;S&P 100;S&P 500,Auto & Truck Manufacturers;Automobiles & Auto Parts;Consumer Cyclicals,"[{'yahoo': 'TL0.F', 'google': 'FRA:TL0', 'currency': 'EUR'}, {'yahoo': 'TSLA', 'google': 'NASDAQ:TSLA', 'currency': 'USD'}]","{'founded': 2003, 'employees': 70757}",['US88160R1014'],[],
TXN,Texas Instruments Inc.,United States,NASDAQ 100;S&P 100;S&P 500,Technology;Technology Equipment;Semiconductors & Semiconductor Equipment;Semiconductors,"[{'yahoo': 'TII.F', 'google': 'FRA:TII', 'currency': 'EUR'}, {'yahoo': 'TXN', 'google': 'NASDAQ:TXN', 'currency': 'USD'}, {'yahoo': '0R2H.L', 'google': 'LON:0R2H', 'currency': 'GBP'}]","{'founded': 1930, 'employees': 29888}",[],[],
UNH,UnitedHealth Group Inc.,United States,DOW JONES;S&P 100;S&P 500,Managed Health care;Healthcare;Healthcare Providers & Services;Healthcare Services,"[{'yahoo': 'UNH.F', 'google': 'FRA:UNH', 'currency': 'EUR'}, {'yahoo': 'UNH', 'google': 'NYSE:UNH', 'currency': 'USD'}]","{'founded': 1977, 'employees': 330000}",[],[],
UNP,Union Pacific Corporation,United States,S&P 100;S&P 500,Ground Freight & Logistics;Industrials;Freight & Logistics Services;Transportation,"[{'yahoo': 'UNP.F', 'google': 'FRA:UNP', 'currency': 'EUR'}, {'yahoo': 'UNP', 'google': 'NYSE:UNP', 'currency': 'USD'}, {'yahoo': '0R2E.L', 'google': 'LON:0R2E', 'currency': 'GBP'}]","{'founded': 1969, 'employees': 30960}",[],[],
UPS,United Parcel Service Inc.,United States,S&P 100;S&P 500,Industrial Goods;Industrials;Aerospace & Defense,"[{'yahoo': 'UPAB.F', 'google': 'FRA:UPAB', 'currency': 'EUR'}, {'yahoo': 'UPS', 'google': 'NYSE:UPS', 'currency': 'USD'}, {'yahoo': '0R08.L', 'google': 'LON:0R08', 'currency': 'GBP'}]","{'founded': 1907, 'employees': 481000}",[],[],
USB,U.S. Bancorp,United States,S&P 100;S&P 500,Banking & Investment Services;Banking Services;Financials;Banks,"[{'yahoo': 'UB5.F', 'google': 'FRA:UB5', 'currency': 'EUR'}, {'yahoo': 'USB', 'google': 'NYSE:USB', 'currency': 'USD'}, {'yahoo': '0LHY.L', 'google': 'LON:0LHY', 'currency': 'GBP'}]","{'founded': 1968, 'employees': 69651}",['US9029733048'],[],
V,Visa Inc.,United States,DOW JONES;S&P 100;S&P 500,Technology;Software & IT Services;Internet Services,"[{'yahoo': '3V64.F', 'google': 'FRA:3V64', 'currency': 'EUR'}, {'yahoo': 'V', 'google': 'NYSE:V', 'currency': 'USD'}, {'yahoo': '3V6.F', 'google': 'FRA:3V6', 'currency': 'EUR'}]","{'founded': 1958, 'employees': 20500}",[],[],
VRSK,Verisk Analytics Inc.,United States,NASDAQ 100;S&P 500,Technology;Software & IT Services;IT Services & Consulting,"[{'yahoo': 'VA7A.F', 'google': 'FRA:VA7A', 'currency': 'EUR'}, {'yahoo': 'VRSK', 'google': 'NASDAQ:VRSK', 'currency': 'USD'}, {'yahoo': '0LP3.L', 'google': 'LON:0LP3', 'currency': 'GBP'}]","{'founded': 1971, 'employees': 9300}",[],[],
VRSN,VeriSign Inc.,United States,NASDAQ 100;S&P 500,Technology;Software & IT Services;IT Services & Consulting,"[{'yahoo': 'VRS.F', 'google': 'FRA:VRSN', 'currency': 'EUR'}, {'yahoo': 'VRSN', 'google': 'NASDAQ:VRSN', 'currency': 'USD'}, {'yahoo': '0LOZ.L', 'google': 'LON:0LOZ', 'currency': 'GBP'}]","{'founded': 1995, 'employees': 1019}",[],[],
VRTX,Vertex Pharmaceuticals Inc.,United States,NASDAQ 100;S&P 500,Biotechnology & Medical Research;Pharmaceuticals & Medical Research;Healthcare,"[{'yahoo': 'VX1.F', 'google': 'FRA:VX1', 'currency': 'EUR'}, {'yahoo': 'VRTX', 'google': 'NASDAQ:VRTX', 'currency': 'USD'}, {'yahoo': '0QZU.L', 'google': 'LON:0QZU', 'currency': 'GBP'}]","{'founded': 1989, 'employees': 3000}",[],[],
VZ,Verizon Communications Inc.,United States,DOW JONES;S&P 100;S&P 500,Telecommunications Services;Integrated Telecommunications Services,"[{'yahoo': 'BAC.F', 'google': 'FRA:BAC', 'currency': 'EUR'}, {'yahoo': 'VZ', 'google': 'NYSE:VZ', 'currency': 'USD'}]","{'founded': 1983, 'employees': 132200}",['US92343V1044'],[],
WBA,Walgreens Boots Alliance Inc.,United States,DOW JONES;NASDAQ 100;S&P 100;S&P 500,Consumer Non-Cyclicals;Food & Drug Retailing;Drug Retailers,"[{'yahoo': 'W8A.F', 'google': 'FRA:W8A', 'currency': 'EUR'}, {'yahoo': 'WBA', 'google': 'NASDAQ:WBA', 'currency': 'USD'}, {'yahoo': '0LSZ.L', 'google': 'LON:0LSZ', 'currency': 'GBP'}]","{'founded': 2014, 'employees': 450000}",[],[],
WDAY,"Workday, Inc.",United States,NASDAQ 100,Cloud computing;Software,"[{'yahoo': 'WDAY', 'google': 'NASDAQ:WDAY', 'currency': 'USD'}, {'yahoo': '0M18.L', 'google': 'LON:0M18', 'currency': 'GBP'}, {'yahoo': 'W7D.F', 'google': 'FRA:W7D', 'currency': 'EUR'}]","{'founded': 2005, 'employees': 12500}",['US98138H1014'],[],"Workday, Inc."
WFC,Wells Fargo & Company,United States,S&P 100;S&P 500,Banking & Investment Services;Banking Services;Financials;Banks,"[{'yahoo': 'NWT.F', 'google': 'FRA:NWT', 'currency': 'EUR'}, {'yahoo': 'WFC', 'google': 'NYSE:WFC', 'currency': 'USD'}]","{'founded': 1929, 'employees': 268531}",['US9497461015'],[],
WMT,Walmart Inc.,United States,DOW JONES;S&P 100;S&P 500,Consumer Non-Cyclicals;Food & Drug Retailing;Food Retail & Distribution,"[{'yahoo': 'WMT.F', 'google': 'FRA:WMT', 'currency': 'EUR'}, {'yahoo': 'WMT', 'google': 'NYSE:WMT', 'currency': 'USD'}, {'yahoo': 'WMTD.F', 'google': 'FRA:WMTD', 'currency': 'EUR'}]","{'founded': 1962, 'employees': 22}",['US9311421039'],[],
XEL,Xcel Energy Inc.,United States,NASDAQ 100;S&P 500,,"[{'yahoo': 'XEL', 'google': 'NASDAQ:XEL', 'currency': 'USD'}, {'yahoo': 'NRN.F', 'google': 'FRA:NRN', 'currency': 'EUR'}, {'yahoo': '0M1R.L', 'google': 'LON:0M1R', 'currency': 'GBP'}]","{'founded': 1909, 'employees': 11075}",['US98389B1008'],[],Xcel Energy Inc.
XOM,Exxon Mobil Corporation,United States,S&P 100;S&P 500,Energy;Fossil Fuels;Oil & Gas,"[{'yahoo': 'XONA.F', 'google': 'FRA:XONA', 'currency': 'EUR'}, {'yahoo': 'XOM', 'google': 'NYSE:XOM', 'currency': 'USD'}, {'yahoo': 'XON', 'google': 'NYSE:XON', 'currency': 'USD'}]","{'founded': 1999, 'employees': 72000}",['US30231G1022'],[],
ZM,"Zoom Video Communications, Inc.",United States,NASDAQ 100,,"[{'yahoo': '5ZM.F', 'google': 'FRA:5ZM', 'currency': 'EUR'}, {'yahoo': 'ZM', 'google': 'NASDAQ:ZM', 'currency': 'USD'}, {'yahoo': '0A1O.L', 'google': 'LON:0A1O', 'currency': 'GBP'}]","{'founded': 2011, 'employees': 2532}",[],[],"Zoom Video Communications, Inc."
ZS,"Zscaler, Inc.",United States,NASDAQ 100,Network security;computer security;Internet security,"[{'yahoo': 'ZS', 'google': 'NASDAQ:ZS', 'currency': 'USD'}]","{'founded': 2007, 'employees': 4000}",[],[],"Zscaler, Inc."
